class,f1_score,precision,recall,support,time_secs
    0,1.0,1.0,1.0,1502,0.029353366000577807
    1,1.0,1.0,1.0,1561,0.029353366000577807
    0,0.94,0.92,0.96,1433,0.005516340002941433
    1,0.94,0.96,0.92,1630,0.005516340002941433
    0,1.0,1.0,1.0,1501,0.012388073999318294
    1,1.0,1.0,1.0,1562,0.012388073999318294
    0,1.0,1.0,1.0,1499,0.10422644299978856
    1,1.0,1.0,1.0,1564,0.10422644299978856
    0,1.0,1.0,1.0,1499,0.09704159099783283
    1,1.0,1.0,1.0,1564,0.09704159099783283
