class,f1_score,precision,recall,support,time_secs
    0,0.96,0.92,1.0,1383,2.1436261819981155
    1,0.96,1.0,0.93,1680,2.1436261819981155
    0,0.94,0.91,0.98,1393,2.8324102440019487
    1,0.95,0.98,0.92,1670,2.8324102440019487
    0,1.0,0.99,1.0,1497,2.0969502680018195
    1,1.0,1.0,0.99,1566,2.0969502680018195
    0,0.99,0.99,1.0,1485,1.352976394999132
    1,0.99,1.0,0.99,1578,1.352976394999132
    0,0.99,0.99,1.0,1485,1.380291389003105
    1,0.99,1.0,0.99,1578,1.380291389003105
