Model_Vec,class,f1_score,precision,recall,support,time_secs
"RF, Count Vectors:",    0,1.0,1.0,1.0,1504,0.7860269529992365
"RF, Count Vectors:",    1,1.0,1.0,1.0,1559,0.7860269529992365
"RF, WordLevel TF-IDF: ",    0,1.0,1.0,1.0,1503,0.625605084002018
"RF, WordLevel TF-IDF: ",    1,1.0,1.0,1.0,1560,0.625605084002018
"RF, N-Gram Vectors: ",    0,1.0,1.0,1.0,1503,14.580574949999573
"RF, N-Gram Vectors: ",    1,1.0,1.0,1.0,1560,14.580574949999573
"RF, CharLevel Vectors: ",    0,1.0,1.0,1.0,1503,13.900107121000474
"RF, CharLevel Vectors: ",    1,1.0,1.0,1.0,1560,13.900107121000474
