Model_Vec,class,f1_score,precision,recall,support,time_secs
"NN, Count Vectors:",    0,0.74,0.89,0.63,1099,4.461962121000397
"NN, Count Vectors:",    1,0.14,0.09,0.33,124,4.461962121000397
"NN, WordLevel TF-IDF: ",    0,0.98,0.99,0.96,1099,4.444894343003398
"NN, WordLevel TF-IDF: ",    1,0.82,0.73,0.94,124,4.444894343003398
"NN, N-Gram Vectors: ",    0,0.98,0.96,0.99,1099,19.364372429001378
"NN, N-Gram Vectors: ",    1,0.74,0.93,0.61,124,19.364372429001378
"NN, CharLevel Vectors: ",    0,0.98,0.96,0.99,1099,19.48577710599784
"NN, CharLevel Vectors: ",    1,0.73,0.93,0.6,124,19.48577710599784
