Model_Vec,class,f1_score,precision,recall,support,time_secs
"RF, Count Vectors:",    0,0.98,0.96,1.0,1091,0.3857436339985725
"RF, Count Vectors:",    1,0.81,1.0,0.68,132,0.3857436339985725
"RF, WordLevel TF-IDF: ",    0,0.98,0.96,1.0,1091,0.28376496500095527
"RF, WordLevel TF-IDF: ",    1,0.79,0.98,0.66,132,0.28376496500095527
"RF, N-Gram Vectors: ",    0,0.97,0.94,1.0,1091,1.867172792999554
"RF, N-Gram Vectors: ",    1,0.61,1.0,0.44,132,1.867172792999554
"RF, CharLevel Vectors: ",    0,0.97,0.93,1.0,1091,2.0695273790006468
"RF, CharLevel Vectors: ",    1,0.57,1.0,0.4,132,2.0695273790006468
