class,f1_score,precision,recall,support,time_secs
    0,0.99,0.99,0.98,442,0.007123066001440748
    1,0.94,0.92,0.95,87,0.007123066001440748
    0,0.85,0.9,0.81,442,0.0014293839994934388
    1,0.43,0.36,0.54,87,0.0014293839994934388
    0,0.94,0.88,1.0,442,0.004071266999744694
    1,0.46,1.0,0.3,87,0.004071266999744694
    0,0.92,0.84,1.0,442,0.04893546600033005
    1,0.11,1.0,0.06,87,0.04893546600033005
    0,0.92,0.84,1.0,442,0.048200810999333044
    1,0.11,1.0,0.06,87,0.048200810999333044
