Model_Vec,class,f1_score,precision,recall,support,time_secs
CNN,    0,0.99,1.0,0.97,532,30.839735934000032
CNN,    1,0.99,0.97,1.0,524,30.839735934000032
