Model_Vec,class,f1_score,precision,recall,support,time_secs
RCNN,    0,0.99,1.0,0.98,532,22.604738259999976
RCNN,    1,0.99,0.98,1.0,524,22.604738259999976
