class,f1_score,precision,recall,support,time_secs
    0,1.0,1.0,1.0,536,0.008986355001979973
    1,1.0,1.0,1.0,520,0.008986355001979973
    0,0.92,0.91,0.92,536,0.0025350029973196797
    1,0.91,0.92,0.91,520,0.0025350029973196797
    0,1.0,1.0,1.0,536,0.006123145001765806
    1,1.0,1.0,1.0,520,0.006123145001765806
    0,0.92,1.0,0.86,536,0.104293490992859
    1,0.93,0.87,1.0,520,0.104293490992859
    0,0.92,1.0,0.86,536,0.10391633899416775
    1,0.93,0.87,1.0,520,0.10391633899416775
