Model_Vec,class,f1_score,precision,recall,support,time_secs
"NN, Count Vectors:",    0,1.0,1.0,1.0,236,0.08411814700002651
"NN, Count Vectors:",    1,1.0,1.0,1.0,225,0.08411814700002651
"NN, WordLevel TF-IDF: ",    0,0.93,0.86,1.0,236,0.04038044499975513
"NN, WordLevel TF-IDF: ",    1,0.91,1.0,0.83,225,0.04038044499975513
"NN, N-Gram Vectors: ",    0,0.85,0.74,1.0,236,0.30521781800007375
"NN, N-Gram Vectors: ",    1,0.77,1.0,0.63,225,0.30521781800007375
"NN, CharLevel Vectors: ",    0,0.85,0.74,1.0,236,0.3024462719999974
"NN, CharLevel Vectors: ",    1,0.77,1.0,0.63,225,0.3024462719999974
