Model_Vec,class,f1_score,precision,recall,support,time_secs
RCNN,    0,0.98,0.97,0.98,236,7.393672795999919
RCNN,    1,0.98,0.98,0.97,225,7.393672795999919
