Model_Vec,class,f1_score,precision,recall,support,time_secs
RNN_BD,    0,0.97,0.99,0.95,1080,123.70110380400001
RNN_BD,    1,0.81,0.72,0.94,143,123.70110380400001
