Model_Vec,class,f1_score,precision,recall,support,time_secs
LSTM,    0,0.99,0.98,0.99,1080,84.37086992200057
LSTM,    1,0.89,0.91,0.87,143,84.37086992200057
