Model_Vec,class,f1_score,precision,recall,support,time_secs
CNN,    0,0.98,0.99,0.97,1080,36.86691343300117
CNN,    1,0.86,0.8,0.92,143,36.86691343300117
