class,f1_score,precision,recall,support,time_secs
    0,0.97,0.95,0.99,1271,0.010519710020162165
    1,0.71,0.86,0.6,163,0.010519710020162165
    0,0.94,0.92,0.96,1267,0.002578332962002605
    1,0.46,0.57,0.39,167,0.002578332962002605
    0,0.96,1.0,0.92,1434,0.006952396011911333
    1,0.0,0.0,0.0,0,0.006952396011911333
    0,0.96,1.0,0.92,1434,0.09924005001084879
    1,0.0,0.0,0.0,0,0.09924005001084879
    0,0.96,1.0,0.92,1434,0.11758637498132885
    1,0.0,0.0,0.0,0,0.11758637498132885
