class,f1_score,precision,recall,support,time_secs
    0,0.99,0.99,0.99,438,0.008467589999781922
    1,0.95,0.94,0.96,91,0.008467589999781922
    0,0.88,0.93,0.84,438,0.001618710999537143
    1,0.55,0.47,0.68,91,0.001618710999537143
    0,0.91,0.83,1.0,438,0.005391094999140478
    1,0.06,1.0,0.03,91,0.005391094999140478
    0,0.91,0.83,1.0,438,0.09205708799890999
    1,0.0,0.0,0.0,91,0.09205708799890999
    0,0.91,0.83,1.0,438,0.09229717499874823
    1,0.0,0.0,0.0,91,0.09229717499874823
