Model_Vec,class,f1_score,precision,recall,support,time_secs
CNN,    0,0.97,1.0,0.94,228,7.021289539999998
CNN,    1,0.97,0.95,1.0,233,7.021289539999998
