class,f1_score,precision,recall,support,time_secs
    0,0.98,0.96,1.0,229,0.008983466000245244
    1,0.98,1.0,0.96,232,0.008983466000245244
    0,0.97,0.95,0.98,229,0.002829262000432209
    1,0.97,0.98,0.95,232,0.002829262000432209
    0,0.97,0.95,1.0,229,0.007536239999808458
    1,0.97,1.0,0.95,232,0.007536239999808458
    0,0.98,0.95,1.0,229,0.1261347550002938
    1,0.98,1.0,0.95,232,0.1261347550002938
    0,0.98,0.95,1.0,229,0.12978970499989373
    1,0.98,1.0,0.95,232,0.12978970499989373
