Model_Vec,class,f1_score,precision,recall,support,time_secs
LSTM,    0,0.99,0.99,1.0,547,51.786415919999854
LSTM,    1,0.99,1.0,0.99,509,51.786415919999854
