class,f1_score,precision,recall,support,time_secs
    0,1.0,1.0,1.0,508,0.012699516002612654
    1,1.0,1.0,1.0,548,0.012699516002612654
    0,0.97,0.95,0.98,508,0.0030921569996280596
    1,0.97,0.98,0.95,548,0.0030921569996280596
    0,1.0,1.0,1.0,508,0.00977089699881617
    1,1.0,1.0,1.0,548,0.00977089699881617
    0,1.0,1.0,1.0,508,0.1675304939999478
    1,1.0,1.0,1.0,548,0.1675304939999478
    0,1.0,1.0,1.0,508,0.17630270699737594
    1,1.0,1.0,1.0,548,0.17630270699737594
