Model_Vec,class,f1_score,precision,recall,support,time_secs
"RF, Count Vectors:",    0,1.0,0.99,1.0,508,0.2727840619991184
"RF, Count Vectors:",    1,1.0,1.0,0.99,548,0.2727840619991184
"RF, WordLevel TF-IDF: ",    0,0.99,0.99,0.99,508,0.2745621080030105
"RF, WordLevel TF-IDF: ",    1,0.99,0.99,0.99,548,0.2745621080030105
"RF, N-Gram Vectors: ",    0,0.98,0.99,0.98,508,4.160429274001217
"RF, N-Gram Vectors: ",    1,0.98,0.98,0.99,548,4.160429274001217
"RF, CharLevel Vectors: ",    0,0.98,0.98,0.97,508,3.9289609620027477
"RF, CharLevel Vectors: ",    1,0.98,0.97,0.98,548,3.9289609620027477
